{
  "Achivements-0" : {
    "transaction" : "Achivements-0",
    "sampleCount" : 10,
    "errorCount" : 0,
    "errorPct" : 0.0,
    "meanResTime" : 95.6,
    "medianResTime" : 88.5,
    "minResTime" : 86.0,
    "maxResTime" : 134.0,
    "pct1ResTime" : 130.70000000000002,
    "pct2ResTime" : 134.0,
    "pct3ResTime" : 134.0,
    "throughput" : 6.138735420503377,
    "receivedKBytesPerSec" : 6.792175030693677,
    "sentKBytesPerSec" : 0.8332853744628607
  },
  "Achivements-1" : {
    "transaction" : "Achivements-1",
    "sampleCount" : 10,
    "errorCount" : 0,
    "errorPct" : 0.0,
    "meanResTime" : 98.10000000000001,
    "medianResTime" : 96.0,
    "minResTime" : 79.0,
    "maxResTime" : 136.0,
    "pct1ResTime" : 132.60000000000002,
    "pct2ResTime" : 136.0,
    "pct3ResTime" : 136.0,
    "throughput" : 6.119951040391677,
    "receivedKBytesPerSec" : 73.70237913096696,
    "sentKBytesPerSec" : 0.8307355416156671
  },
  "Infrastructure-0" : {
    "transaction" : "Infrastructure-0",
    "sampleCount" : 10,
    "errorCount" : 0,
    "errorPct" : 0.0,
    "meanResTime" : 98.5,
    "medianResTime" : 89.0,
    "minResTime" : 79.0,
    "maxResTime" : 134.0,
    "pct1ResTime" : 133.9,
    "pct2ResTime" : 134.0,
    "pct3ResTime" : 134.0,
    "throughput" : 5.995203836930456,
    "receivedKBytesPerSec" : 6.650929256594725,
    "sentKBytesPerSec" : 0.8313661570743406
  },
  "Infrastructure-1" : {
    "transaction" : "Infrastructure-1",
    "sampleCount" : 10,
    "errorCount" : 0,
    "errorPct" : 0.0,
    "meanResTime" : 94.0,
    "medianResTime" : 94.0,
    "minResTime" : 80.0,
    "maxResTime" : 103.0,
    "pct1ResTime" : 102.7,
    "pct2ResTime" : 103.0,
    "pct3ResTime" : 103.0,
    "throughput" : 5.959475566150179,
    "receivedKBytesPerSec" : 100.28679976162098,
    "sentKBytesPerSec" : 0.8264116507747319
  },
  "Home-0" : {
    "transaction" : "Home-0",
    "sampleCount" : 10,
    "errorCount" : 0,
    "errorPct" : 0.0,
    "meanResTime" : 210.2,
    "medianResTime" : 163.5,
    "minResTime" : 144.0,
    "maxResTime" : 455.0,
    "pct1ResTime" : 435.6000000000001,
    "pct2ResTime" : 455.0,
    "pct3ResTime" : 455.0,
    "throughput" : 8.264462809917356,
    "receivedKBytesPerSec" : 9.095751549586778,
    "sentKBytesPerSec" : 1.0734116735537191
  },
  "Home-1" : {
    "transaction" : "Home-1",
    "sampleCount" : 10,
    "errorCount" : 0,
    "errorPct" : 0.0,
    "meanResTime" : 777.7999999999998,
    "medianResTime" : 782.5,
    "minResTime" : 538.0,
    "maxResTime" : 977.0,
    "pct1ResTime" : 976.7,
    "pct2ResTime" : 977.0,
    "pct3ResTime" : 977.0,
    "throughput" : 6.570302233902759,
    "receivedKBytesPerSec" : 142.74366581800263,
    "sentKBytesPerSec" : 0.8533693331143233
  },
  "About Us" : {
    "transaction" : "About Us",
    "sampleCount" : 10,
    "errorCount" : 0,
    "errorPct" : 0.0,
    "meanResTime" : 493.90000000000003,
    "medianResTime" : 240.5,
    "minResTime" : 229.0,
    "maxResTime" : 1569.0,
    "pct1ResTime" : 1556.7,
    "pct2ResTime" : 1569.0,
    "pct3ResTime" : 1569.0,
    "throughput" : 5.530973451327434,
    "receivedKBytesPerSec" : 102.45804238108407,
    "sentKBytesPerSec" : 1.4583621404867255
  },
  "Events" : {
    "transaction" : "Events",
    "sampleCount" : 10,
    "errorCount" : 0,
    "errorPct" : 0.0,
    "meanResTime" : 235.8,
    "medianResTime" : 239.0,
    "minResTime" : 181.0,
    "maxResTime" : 289.0,
    "pct1ResTime" : 288.8,
    "pct2ResTime" : 289.0,
    "pct3ResTime" : 289.0,
    "throughput" : 5.458515283842795,
    "receivedKBytesPerSec" : 82.91186203602619,
    "sentKBytesPerSec" : 1.4285957969432315
  },
  "Infrastructure" : {
    "transaction" : "Infrastructure",
    "sampleCount" : 10,
    "errorCount" : 0,
    "errorPct" : 0.0,
    "meanResTime" : 192.89999999999998,
    "medianResTime" : 189.0,
    "minResTime" : 167.0,
    "maxResTime" : 232.0,
    "pct1ResTime" : 231.8,
    "pct2ResTime" : 232.0,
    "pct3ResTime" : 232.0,
    "throughput" : 5.662514156285391,
    "receivedKBytesPerSec" : 101.5713476783692,
    "sentKBytesPerSec" : 1.5704629105322763
  },
  "Home" : {
    "transaction" : "Home",
    "sampleCount" : 10,
    "errorCount" : 0,
    "errorPct" : 0.0,
    "meanResTime" : 989.8,
    "medianResTime" : 980.5,
    "minResTime" : 755.0,
    "maxResTime" : 1212.0,
    "pct1ResTime" : 1211.7,
    "pct2ResTime" : 1212.0,
    "pct3ResTime" : 1212.0,
    "throughput" : 5.691519635742743,
    "receivedKBytesPerSec" : 129.91560543540126,
    "sentKBytesPerSec" : 1.478461155378486
  },
  "About Us-1" : {
    "transaction" : "About Us-1",
    "sampleCount" : 10,
    "errorCount" : 0,
    "errorPct" : 0.0,
    "meanResTime" : 367.9,
    "medianResTime" : 107.5,
    "minResTime" : 92.0,
    "maxResTime" : 1481.0,
    "pct1ResTime" : 1468.5,
    "pct2ResTime" : 1481.0,
    "pct3ResTime" : 1481.0,
    "throughput" : 5.955926146515783,
    "receivedKBytesPerSec" : 103.76340083382966,
    "sentKBytesPerSec" : 0.7852051072066706
  },
  "About Us-0" : {
    "transaction" : "About Us-0",
    "sampleCount" : 10,
    "errorCount" : 0,
    "errorPct" : 0.0,
    "meanResTime" : 125.39999999999999,
    "medianResTime" : 128.0,
    "minResTime" : 88.0,
    "maxResTime" : 178.0,
    "pct1ResTime" : 173.20000000000002,
    "pct2ResTime" : 178.0,
    "pct3ResTime" : 178.0,
    "throughput" : 13.927576601671309,
    "receivedKBytesPerSec" : 15.355697249303622,
    "sentKBytesPerSec" : 1.8361551183844012
  },
  "Academics-0" : {
    "transaction" : "Academics-0",
    "sampleCount" : 10,
    "errorCount" : 0,
    "errorPct" : 0.0,
    "meanResTime" : 131.70000000000002,
    "medianResTime" : 98.0,
    "minResTime" : 89.0,
    "maxResTime" : 254.0,
    "pct1ResTime" : 247.00000000000003,
    "pct2ResTime" : 254.0,
    "pct3ResTime" : 254.0,
    "throughput" : 5.841121495327102,
    "receivedKBytesPerSec" : 6.451473057827103,
    "sentKBytesPerSec" : 0.7814781688084113
  },
  "Gallery-1" : {
    "transaction" : "Gallery-1",
    "sampleCount" : 10,
    "errorCount" : 0,
    "errorPct" : 0.0,
    "meanResTime" : 99.19999999999999,
    "medianResTime" : 92.0,
    "minResTime" : 81.0,
    "maxResTime" : 144.0,
    "pct1ResTime" : 142.0,
    "pct2ResTime" : 144.0,
    "pct3ResTime" : 144.0,
    "throughput" : 5.807200929152149,
    "receivedKBytesPerSec" : 96.5163599738676,
    "sentKBytesPerSec" : 0.7655977787456446
  },
  "Achivements" : {
    "transaction" : "Achivements",
    "sampleCount" : 10,
    "errorCount" : 0,
    "errorPct" : 0.0,
    "meanResTime" : 193.8,
    "medianResTime" : 187.5,
    "minResTime" : 179.0,
    "maxResTime" : 270.0,
    "pct1ResTime" : 261.90000000000003,
    "pct2ResTime" : 270.0,
    "pct3ResTime" : 270.0,
    "throughput" : 5.807200929152149,
    "receivedKBytesPerSec" : 76.36128956155633,
    "sentKBytesPerSec" : 1.5765643147502904
  },
  "Gallery-0" : {
    "transaction" : "Gallery-0",
    "sampleCount" : 10,
    "errorCount" : 0,
    "errorPct" : 0.0,
    "meanResTime" : 107.1,
    "medianResTime" : 92.5,
    "minResTime" : 81.0,
    "maxResTime" : 150.0,
    "pct1ResTime" : 149.8,
    "pct2ResTime" : 150.0,
    "pct3ResTime" : 150.0,
    "throughput" : 5.797101449275362,
    "receivedKBytesPerSec" : 6.391530797101449,
    "sentKBytesPerSec" : 0.764266304347826
  },
  "Contact Us-0" : {
    "transaction" : "Contact Us-0",
    "sampleCount" : 10,
    "errorCount" : 0,
    "errorPct" : 0.0,
    "meanResTime" : 101.39999999999999,
    "medianResTime" : 92.0,
    "minResTime" : 82.0,
    "maxResTime" : 137.0,
    "pct1ResTime" : 136.8,
    "pct2ResTime" : 137.0,
    "pct3ResTime" : 137.0,
    "throughput" : 5.797101449275362,
    "receivedKBytesPerSec" : 6.4028532608695645,